排名靠前的网页,点击次数,展示,点击率,排名
https://wuwabanners.net/,12,2086,0.58%,11.83
https://wuwabanners.net/wuthering-waves-current-banner/,4,537,0.74%,18.12
https://wuwabanners.net/banners/,3,470,0.64%,21.75
https://wuwabanners.net/wuthering-waves-denia-team-comps/,3,175,1.71%,10.43
https://wuwabanners.net/wuthering-waves-next-banner/,1,1143,0.09%,16.03
https://wuwabanners.net/wuthering-waves-hiyuki-build/,1,153,0.65%,24.03
https://wuwabanners.net/pull-advice/,1,109,0.92%,10.94
https://wuwabanners.net/wuthering-waves-should-you-pull-phrolova/,1,63,1.59%,7.13
https://wuwabanners.net/wuthering-waves-iuno-build/,1,31,3.23%,13.32
https://wuwabanners.net/wuthering-waves-items/when-irises-bloom/,1,16,6.25%,7.75
https://www.wuwabanners.net/,0,127,0%,14.76
https://wuwabanners.net/wuthering-waves-weapons/waltz-in-masquerade/,0,82,0%,7.27
https://wuwabanners.net/wuthering-waves-characters/mornye/,0,80,0%,24.43
https://www.wuwabanners.net/wuthering-waves-hiyuki-build/,0,79,0%,15.81
http://wuwabanners.net/,0,31,0%,12.29
https://wuwabanners.net/wuthering-waves-items/,0,30,0%,51.17
https://wuwabanners.net/wuthering-waves-items/we-who-question/,0,26,0%,7.27
https://wuwabanners.net/wuthering-waves-characters/zhezhi/,0,14,0%,16.57
https://wuwabanners.net/wuthering-waves-items/stone-rose/,0,7,0%,11.29
https://wuwabanners.net/wuthering-waves-characters/chixia/,0,6,0%,9.17
https://wuwabanners.net/wuthering-waves-characters/rover-aero/,0,3,0%,21.33